etapa,filas,columnas,opcion,min_ms,mediana_ms,q25_ms,q75_ms,pico_trazado_bytes_mediana,memoria_dataframe_bytes
lectura,1000,74,actual,16.579900053329766,17.433299915865064,17.13084999937564,17.790000012610108,2036121.0,4719090
lectura,1000,7,solo_columnas,9.201399981975555,10.47759992070496,10.330299963243306,10.573300009127706,1079425.0,484053
lectura,1000,7,columnas_y_tipos,10.404099943116307,11.162200011312962,10.768999985884875,11.413200001697987,1079993.0,211845
lectura,10000,74,actual,133.17120005376637,136.6668000118807,134.67845000559464,138.36845004698262,11746412.0,46088162
lectura,10000,7,solo_columnas,71.24199997633696,72.63680000323802,71.96239999029785,73.58175003901124,1906995.0,4856986
lectura,10000,7,columnas_y_tipos,72.10839993786067,74.13810002617538,72.81820004573092,74.60949994856492,1634040.0,2100211
lectura,44226,74,actual,698.7971001071855,728.7176999961957,721.4577000704594,765.1183000416495,45608636.0,205185760
lectura,44226,7,solo_columnas,333.7929000845179,347.15010004583746,342.6016499870457,358.15420001745224,4628746.0,21579108
lectura,44226,7,columnas_y_tipos,341.488300007768,353.2172000268474,346.88440000172704,361.2418500124477,3397927.0,9283887
flujo_completo,44226,74,actual,1044.2301000002772,1053.4798000007868,1045.711949991528,1062.0208000182174,93454004.0,179855521
flujo_completo,44226,10,solo_columnas,416.3147999206558,424.0320000099018,422.0869499258697,429.46855002082884,9981501.0,18487565
flujo_completo,44226,10,columnas_y_tipos,410.97319999244064,424.6019000420347,412.7297500381246,425.24449998745695,9982712.0,18487565
